{"count":1,"self":2513.441792,"total":7980.2729599999993,"children":{"InitializeActuators":{"count":1,"self":0.000941,"total":0.000941,"children":null},"InitializeSensors":{"count":1,"self":0.00124,"total":0.00124,"children":null},"AgentSendState":{"count":3096384,"self":16.254195199999998,"total":82.323359,"children":{"CollectObservations":{"count":1032128,"self":27.099328,"total":27.099328999999997,"children":null},"WriteActionMask":{"count":1032128,"self":1.9036529999999998,"total":1.9036529999999998,"children":null},"RequestDecision":{"count":1032128,"self":7.2008567999999995,"total":37.066181,"children":{"AgentInfo.ToProto":{"count":1032128,"self":6.5766072,"total":29.865323999999998,"children":{"GenerateSensorData":{"count":1032128,"self":23.2887168,"total":23.288717,"children":null}}}}}}},"DecideAction":{"count":3096384,"self":5347.5393536,"total":5347.539463,"children":null},"AgentAct":{"count":3096384,"self":35.8927136,"total":35.907747,"children":{"AgentInfo.ToProto":{"count":496,"self":0.00375,"total":0.015031999999999998,"children":{"GenerateSensorData":{"count":496,"self":0.011281999999999999,"total":0.011281999999999999,"children":null}}}}},"AgentInfo.ToProto":{"count":18899,"self":0.298664,"total":1.057386,"children":{"GenerateSensorData":{"count":18899,"self":0.758722,"total":0.758722,"children":null}}}},"gauges":{"ArcadeDriver.CumulativeReward":{"count":19395,"max":268.519,"min":-33.90668,"runningAverage":1.56068945,"value":268.179474,"weightedAverage":267.762848}},"metadata":{"timer_format_version":"0.1.0","start_time_seconds":"1781961812","unity_version":"2022.3.23f1","command_line_arguments":"\/Applications\/Unity\/Hub\/Editor\/2022.3.23f1\/Unity.app\/Contents\/MacOS\/Unity -projectpath \/Users\/toastoffee\/Documents\/UnityProjects\/karting -useHub -hubIPC -cloudEnvironment production -licensingIpc LicenseClient-toastoffee -hubSessionId 369de170-63ab-11f1-82c8-33c3c8ca33dd -accessToken PoT7IOfQCC1M35lqICL11gK9FfAaxCWMFDT51sX8sU001ef","communication_protocol_version":"1.5.0","com.unity.ml-agents_version":"2.0.1","scene_name":"KartClassic_Training","end_time_seconds":"1781969792"}}